QuestionId,Answer
1001,Follow extension eye-drop or drinking-water schedules on time.
1002,Payouts may not match your individual field losses.
1003,Ensure balanced NPK including potassium for stalk strength.
1004,Follow extension eye-drop or drinking-water schedules on time.
1005,Mucuna or lablab reduce erosion and suppress weeds.
1006,"Before hard seed set, leaving residues as surface mulch."
1007,Acidity binds phosphorus and limits nodulation below about pH 5.5.
1008,Stem borer tunneling kills the growing point in seedlings.
1009,Payouts may not match your individual field losses.
1010,Use short-season drought-tolerant varieties aligned to rainfall onset.
1011,Dry quickly on raised mats and remove mouldy kernels before storage.
1012,Channel roof runoff into screened tanks with first-flush diverters.
